hour_index,timestamp,hour,P_total,Q_total,P_PV_max
0,2025-01-01 00:00:00,0,8.8392,3.5668,0.0
1,2025-01-01 01:00:00,1,8.928,3.6443,0.0
2,2025-01-01 02:00:00,2,8.7162,3.5305,0.0
3,2025-01-01 03:00:00,3,8.8042,3.5574,0.0
4,2025-01-01 04:00:00,4,8.7308,3.5364,0.0
5,2025-01-01 05:00:00,5,9.0642,3.5178,0.0
6,2025-01-01 06:00:00,6,9.458,3.6596,0.0
7,2025-01-01 07:00:00,7,9.957,3.6008,0.0
8,2025-01-01 08:00:00,8,10.3715,3.4762,0.0
9,2025-01-01 09:00:00,9,10.5163,3.2288,2.4603
10,2025-01-01 10:00:00,10,10.5455,3.2939,6.5163
11,2025-01-01 11:00:00,11,10.1918,3.3241,9.918
12,2025-01-01 12:00:00,12,9.7035,2.8273,12.8393
13,2025-01-01 13:00:00,13,9.2638,2.9753,12.2213
14,2025-01-01 14:00:00,14,9.6969,2.9917,10.5254
15,2025-01-01 15:00:00,15,9.9025,3.3404,6.7951
16,2025-01-01 16:00:00,16,10.4064,3.8723,2.2287
17,2025-01-01 17:00:00,17,11.0089,4.1295,0.0
18,2025-01-01 18:00:00,18,11.4247,4.6484,0.0
19,2025-01-01 19:00:00,19,11.5706,4.9983,0.0
20,2025-01-01 20:00:00,20,11.7418,5.0833,0.0
21,2025-01-01 21:00:00,21,11.0011,4.6103,0.0
22,2025-01-01 22:00:00,22,10.635,4.4739,0.0
23,2025-01-01 23:00:00,23,9.9259,4.0026,0.0
24,2025-01-02 00:00:00,0,9.666,3.9854,0.0
25,2025-01-02 01:00:00,1,9.5572,4.1042,0.0
26,2025-01-02 02:00:00,2,9.2134,4.0052,0.0
27,2025-01-02 03:00:00,3,9.4608,4.1399,0.0
28,2025-01-02 04:00:00,4,9.3697,4.026,0.0
29,2025-01-02 05:00:00,5,9.7771,3.8641,0.0
30,2025-01-02 06:00:00,6,10.1945,4.0298,0.0
31,2025-01-02 07:00:00,7,10.5944,3.9174,0.0
32,2025-01-02 08:00:00,8,11.2119,4.2239,0.0
33,2025-01-02 09:00:00,9,10.8541,3.9507,2.0688
34,2025-01-02 10:00:00,10,10.9271,3.8784,6.421
35,2025-01-02 11:00:00,11,10.6919,3.4902,9.432
36,2025-01-02 12:00:00,12,10.1139,3.4316,12.5619
37,2025-01-02 13:00:00,13,10.1223,3.3966,11.5407
38,2025-01-02 14:00:00,14,10.3051,3.7921,9.0699
39,2025-01-02 15:00:00,15,10.8227,3.9028,6.203
40,2025-01-02 16:00:00,16,11.4673,4.331,2.0823
41,2025-01-02 17:00:00,17,11.8401,4.8963,0.0
42,2025-01-02 18:00:00,18,12.2534,5.3025,0.0
43,2025-01-02 19:00:00,19,12.4363,5.722,0.0
44,2025-01-02 20:00:00,20,12.0743,5.5417,0.0
45,2025-01-02 21:00:00,21,11.5134,5.2818,0.0
46,2025-01-02 22:00:00,22,11.4186,5.2171,0.0
47,2025-01-02 23:00:00,23,10.7148,4.3911,0.0
48,2025-01-03 00:00:00,0,9.5577,3.519,0.0
49,2025-01-03 01:00:00,1,9.5523,3.3268,0.0
50,2025-01-03 02:00:00,2,9.5319,3.8039,0.0
51,2025-01-03 03:00:00,3,9.2741,3.2999,0.0
52,2025-01-03 04:00:00,4,9.8106,3.8697,0.0
53,2025-01-03 05:00:00,5,9.7817,3.474,0.0
54,2025-01-03 06:00:00,6,10.0756,3.452,0.0
55,2025-01-03 07:00:00,7,10.8891,3.5525,0.0
56,2025-01-03 08:00:00,8,11.2745,3.6184,0.0
57,2025-01-03 09:00:00,9,11.3264,3.2239,1.9312
58,2025-01-03 10:00:00,10,11.2035,3.4615,5.532
59,2025-01-03 11:00:00,11,10.8874,2.6955,7.9766
60,2025-01-03 12:00:00,12,10.6761,2.8114,10.1763
61,2025-01-03 13:00:00,13,10.5736,2.6032,11.0006
62,2025-01-03 14:00:00,14,10.3764,2.6493,8.1189
63,2025-01-03 15:00:00,15,11.2676,3.3075,5.1172
64,2025-01-03 16:00:00,16,11.4708,3.7099,1.8826
65,2025-01-03 17:00:00,17,12.1103,4.4198,0.0
66,2025-01-03 18:00:00,18,12.4862,4.5001,0.0
67,2025-01-03 19:00:00,19,12.7565,5.1862,0.0
68,2025-01-03 20:00:00,20,12.3964,5.1762,0.0
69,2025-01-03 21:00:00,21,11.8779,4.7813,0.0
70,2025-01-03 22:00:00,22,11.324,4.5208,0.0
71,2025-01-03 23:00:00,23,10.8199,4.2631,0.0
72,2025-01-04 00:00:00,0,9.6339,3.9217,0.0
73,2025-01-04 01:00:00,1,9.4892,4.0321,0.0
74,2025-01-04 02:00:00,2,9.5748,4.0599,0.0
75,2025-01-04 03:00:00,3,9.3733,3.8615,0.0
76,2025-01-04 04:00:00,4,9.6004,4.1108,0.0
77,2025-01-04 05:00:00,5,9.5451,3.8705,0.0
78,2025-01-04 06:00:00,6,9.9971,3.7682,0.0
79,2025-01-04 07:00:00,7,10.575,3.9552,0.0
80,2025-01-04 08:00:00,8,11.058,4.1409,0.0
81,2025-01-04 09:00:00,9,11.4373,4.076,1.3172
82,2025-01-04 10:00:00,10,10.8006,3.7256,3.2024
83,2025-01-04 11:00:00,11,10.7528,3.4495,5.5221
84,2025-01-04 12:00:00,12,10.4153,3.5569,6.3344
85,2025-01-04 13:00:00,13,10.3461,3.2362,6.7839
86,2025-01-04 14:00:00,14,10.2722,3.7062,5.1126
87,2025-01-04 15:00:00,15,10.7587,3.5844,2.9918
88,2025-01-04 16:00:00,16,11.219,4.2809,1.2315
89,2025-01-04 17:00:00,17,11.7715,4.6969,0.0
90,2025-01-04 18:00:00,18,12.2221,5.0938,0.0
91,2025-01-04 19:00:00,19,12.5316,5.881,0.0
92,2025-01-04 20:00:00,20,12.2714,5.2933,0.0
93,2025-01-04 21:00:00,21,11.9668,5.3574,0.0
94,2025-01-04 22:00:00,22,11.043,4.9691,0.0
95,2025-01-04 23:00:00,23,10.7034,4.4354,0.0
96,2025-01-05 00:00:00,0,9.2516,3.7638,0.0
97,2025-01-05 01:00:00,1,9.2314,3.5906,0.0
98,2025-01-05 02:00:00,2,9.1316,3.6197,0.0
99,2025-01-05 03:00:00,3,9.4574,3.4989,0.0
100,2025-01-05 04:00:00,4,9.3752,3.6724,0.0
101,2025-01-05 05:00:00,5,9.5944,3.6831,0.0
102,2025-01-05 06:00:00,6,9.9592,3.6874,0.0
103,2025-01-05 07:00:00,7,10.5558,3.8198,0.0
104,2025-01-05 08:00:00,8,11.0776,3.6683,0.0
105,2025-01-05 09:00:00,9,11.1566,3.7093,0.8621
106,2025-01-05 10:00:00,10,11.0634,3.566,2.6694
107,2025-01-05 11:00:00,11,10.7229,3.4212,4.0348
108,2025-01-05 12:00:00,12,10.1121,2.883,5.0109
109,2025-01-05 13:00:00,13,10.0033,3.2562,5.3287
110,2025-01-05 14:00:00,14,10.292,3.2874,4.1589
111,2025-01-05 15:00:00,15,10.6243,3.52,2.6598
112,2025-01-05 16:00:00,16,11.2516,3.9696,0.9189
113,2025-01-05 17:00:00,17,11.8891,4.5733,0.0
114,2025-01-05 18:00:00,18,12.1103,5.0933,0.0
115,2025-01-05 19:00:00,19,12.4533,5.1029,0.0
116,2025-01-05 20:00:00,20,12.1569,5.3443,0.0
117,2025-01-05 21:00:00,21,11.7429,4.8973,0.0
118,2025-01-05 22:00:00,22,11.0161,4.685,0.0
119,2025-01-05 23:00:00,23,10.649,4.3975,0.0
120,2025-01-06 00:00:00,0,10.4547,3.8295,0.0
121,2025-01-06 01:00:00,1,9.9165,4.0128,0.0
122,2025-01-06 02:00:00,2,10.0442,3.6601,0.0
123,2025-01-06 03:00:00,3,10.0853,3.8636,0.0
124,2025-01-06 04:00:00,4,10.1917,3.647,0.0
125,2025-01-06 05:00:00,5,10.6794,3.7951,0.0
126,2025-01-06 06:00:00,6,10.9944,3.7898,0.0
127,2025-01-06 07:00:00,7,11.3921,3.8587,0.0
128,2025-01-06 08:00:00,8,12.0421,4.0042,0.0
129,2025-01-06 09:00:00,9,12.0236,3.5102,0.5871
130,2025-01-06 10:00:00,10,11.9088,3.3233,1.6741
131,2025-01-06 11:00:00,11,11.8036,3.0251,2.6748
132,2025-01-06 12:00:00,12,11.5258,3.2395,3.3677
133,2025-01-06 13:00:00,13,11.2209,3.1879,3.2651
134,2025-01-06 14:00:00,14,11.0856,3.052,2.6661
135,2025-01-06 15:00:00,15,11.4029,3.5333,1.78
136,2025-01-06 16:00:00,16,12.3147,4.1061,0.6087
137,2025-01-06 17:00:00,17,12.9505,4.7304,0.0
138,2025-01-06 18:00:00,18,13.1669,4.9742,0.0
139,2025-01-06 19:00:00,19,13.6481,5.4887,0.0
140,2025-01-06 20:00:00,20,13.1975,5.4702,0.0
141,2025-01-06 21:00:00,21,12.5836,5.1082,0.0
142,2025-01-06 22:00:00,22,12.1768,4.8365,0.0
143,2025-01-06 23:00:00,23,11.6309,4.403,0.0
144,2025-01-07 00:00:00,0,9.5264,4.118,0.0
145,2025-01-07 01:00:00,1,9.7231,4.1644,0.0
146,2025-01-07 02:00:00,2,9.4646,4.2583,0.0
147,2025-01-07 03:00:00,3,9.6336,4.3204,0.0
148,2025-01-07 04:00:00,4,9.6841,4.092,0.0
149,2025-01-07 05:00:00,5,9.6832,3.9999,0.0
150,2025-01-07 06:00:00,6,10.1104,4.0584,0.0
151,2025-01-07 07:00:00,7,10.8219,3.9672,0.0
152,2025-01-07 08:00:00,8,11.1794,4.3685,0.0
153,2025-01-07 09:00:00,9,11.5925,4.4287,0.3321
154,2025-01-07 10:00:00,10,11.3083,4.0462,1.0463
155,2025-01-07 11:00:00,11,10.8581,3.7811,1.6156
156,2025-01-07 12:00:00,12,10.9193,3.9955,1.8488
157,2025-01-07 13:00:00,13,10.3946,3.7292,1.9029
158,2025-01-07 14:00:00,14,10.4823,3.882,1.4697
159,2025-01-07 15:00:00,15,10.7803,4.2047,0.9047
160,2025-01-07 16:00:00,16,11.6773,4.7447,0.3264
161,2025-01-07 17:00:00,17,12.1866,5.2986,0.0
162,2025-01-07 18:00:00,18,12.4494,5.5925,0.0
163,2025-01-07 19:00:00,19,12.5004,5.7165,0.0
164,2025-01-07 20:00:00,20,12.5994,6.157,0.0
165,2025-01-07 21:00:00,21,12.2546,5.8464,0.0
166,2025-01-07 22:00:00,22,11.4252,5.2154,0.0
167,2025-01-07 23:00:00,23,10.7956,4.8158,0.0
168,2025-01-08 00:00:00,0,9.8048,4.0249,0.0
169,2025-01-08 01:00:00,1,9.7514,3.8776,0.0
170,2025-01-08 02:00:00,2,9.6696,3.6114,0.0
171,2025-01-08 03:00:00,3,9.6702,3.7654,0.0
172,2025-01-08 04:00:00,4,9.6843,3.8728,0.0
173,2025-01-08 05:00:00,5,9.9951,3.646,0.0
174,2025-01-08 06:00:00,6,10.6281,3.7768,0.0
175,2025-01-08 07:00:00,7,11.0155,3.6542,0.0
176,2025-01-08 08:00:00,8,11.7486,3.8041,0.0
177,2025-01-08 09:00:00,9,11.6106,3.8089,0.8945
178,2025-01-08 10:00:00,10,11.4333,3.5306,2.4058
179,2025-01-08 11:00:00,11,11.2251,3.396,4.0545
180,2025-01-08 12:00:00,12,11.0206,3.3093,4.7783
181,2025-01-08 13:00:00,13,10.6661,3.2088,4.7615
182,2025-01-08 14:00:00,14,10.8023,3.2681,3.8895
183,2025-01-08 15:00:00,15,11.3242,3.7742,2.4815
184,2025-01-08 16:00:00,16,11.7234,4.3605,0.8263
185,2025-01-08 17:00:00,17,12.2331,4.5427,0.0
186,2025-01-08 18:00:00,18,12.538,4.995,0.0
187,2025-01-08 19:00:00,19,12.9222,5.483,0.0
188,2025-01-08 20:00:00,20,12.4837,5.4734,0.0
189,2025-01-08 21:00:00,21,12.1102,5.1731,0.0
190,2025-01-08 22:00:00,22,11.5747,4.7123,0.0
191,2025-01-08 23:00:00,23,10.9189,4.1947,0.0
192,2025-01-09 00:00:00,0,9.8833,3.506,0.0
193,2025-01-09 01:00:00,1,9.8289,3.5874,0.0
194,2025-01-09 02:00:00,2,9.7506,3.4872,0.0
195,2025-01-09 03:00:00,3,9.7792,3.3674,0.0
196,2025-01-09 04:00:00,4,10.0117,3.562,0.0
197,2025-01-09 05:00:00,5,10.0259,3.4569,0.0
198,2025-01-09 06:00:00,6,10.7754,3.6174,0.0
199,2025-01-09 07:00:00,7,10.924,3.4054,0.0
200,2025-01-09 08:00:00,8,11.38,3.2213,0.0
201,2025-01-09 09:00:00,9,11.5778,3.5539,0.4995
202,2025-01-09 10:00:00,10,11.7317,2.9317,1.5157
203,2025-01-09 11:00:00,11,11.2541,2.9473,2.2056
204,2025-01-09 12:00:00,12,10.9104,2.8811,2.8408
205,2025-01-09 13:00:00,13,10.7957,2.5201,2.6354
206,2025-01-09 14:00:00,14,11.0942,2.9487,2.3076
207,2025-01-09 15:00:00,15,11.4768,3.6176,1.5007
208,2025-01-09 16:00:00,16,11.9425,4.0767,0.5316
209,2025-01-09 17:00:00,17,12.3927,4.2775,0.0
210,2025-01-09 18:00:00,18,12.8009,4.7517,0.0
211,2025-01-09 19:00:00,19,13.0886,5.1437,0.0
212,2025-01-09 20:00:00,20,13.0794,5.3395,0.0
213,2025-01-09 21:00:00,21,12.2778,4.7695,0.0
214,2025-01-09 22:00:00,22,11.8579,4.5075,0.0
215,2025-01-09 23:00:00,23,11.3883,4.275,0.0
216,2025-01-10 00:00:00,0,10.1168,4.3879,0.0
217,2025-01-10 01:00:00,1,10.1057,4.2038,0.0
218,2025-01-10 02:00:00,2,9.8498,4.0979,0.0
219,2025-01-10 03:00:00,3,10.2472,4.324,0.0
220,2025-01-10 04:00:00,4,9.8954,4.0722,0.0
221,2025-01-10 05:00:00,5,10.2555,4.2537,0.0
222,2025-01-10 06:00:00,6,10.7947,4.2477,0.0
223,2025-01-10 07:00:00,7,11.237,4.1574,0.0
224,2025-01-10 08:00:00,8,11.5679,4.2379,0.0
225,2025-01-10 09:00:00,9,11.9083,4.4882,1.2324
226,2025-01-10 10:00:00,10,11.9487,3.9757,3.406
227,2025-01-10 11:00:00,11,11.4046,3.8622,5.6342
228,2025-01-10 12:00:00,12,11.0093,3.7783,6.4653
229,2025-01-10 13:00:00,13,11.0275,3.775,7.268
230,2025-01-10 14:00:00,14,11.3232,3.7318,5.9029
231,2025-01-10 15:00:00,15,11.347,4.5719,3.2682
232,2025-01-10 16:00:00,16,11.88,4.6322,1.2423
233,2025-01-10 17:00:00,17,12.6607,5.0991,0.0
234,2025-01-10 18:00:00,18,13.3591,5.6443,0.0
235,2025-01-10 19:00:00,19,13.0629,5.8452,0.0
236,2025-01-10 20:00:00,20,13.1046,5.923,0.0
237,2025-01-10 21:00:00,21,12.4365,5.4337,0.0
238,2025-01-10 22:00:00,22,11.8289,5.2817,0.0
239,2025-01-10 23:00:00,23,11.6101,5.0163,0.0
240,2025-01-11 00:00:00,0,8.9224,4.0188,0.0
241,2025-01-11 01:00:00,1,8.7566,4.2974,0.0
242,2025-01-11 02:00:00,2,9.0854,4.1875,0.0
243,2025-01-11 03:00:00,3,8.9777,4.1492,0.0
244,2025-01-11 04:00:00,4,8.9642,4.2154,0.0
245,2025-01-11 05:00:00,5,9.2754,4.2833,0.0
246,2025-01-11 06:00:00,6,9.6654,4.2885,0.0
247,2025-01-11 07:00:00,7,10.4086,4.434,0.0
248,2025-01-11 08:00:00,8,10.4213,4.3223,0.0
249,2025-01-11 09:00:00,9,10.5077,4.4083,0.3088
250,2025-01-11 10:00:00,10,10.5702,4.4656,0.9862
251,2025-01-11 11:00:00,11,10.1198,4.0166,1.4896
252,2025-01-11 12:00:00,12,9.8873,3.7058,1.8443
253,2025-01-11 13:00:00,13,9.7039,3.9389,1.8305
254,2025-01-11 14:00:00,14,9.8109,3.8904,1.6064
255,2025-01-11 15:00:00,15,10.2725,4.3393,0.8563
256,2025-01-11 16:00:00,16,10.7041,4.6471,0.3348
257,2025-01-11 17:00:00,17,11.4128,5.339,0.0
258,2025-01-11 18:00:00,18,11.4613,5.6423,0.0
259,2025-01-11 19:00:00,19,11.8949,6.1687,0.0
260,2025-01-11 20:00:00,20,11.6016,5.9631,0.0
261,2025-01-11 21:00:00,21,11.3207,5.8412,0.0
262,2025-01-11 22:00:00,22,10.608,5.2058,0.0
263,2025-01-11 23:00:00,23,10.0625,4.7649,0.0
264,2025-01-12 00:00:00,0,8.9377,3.5653,0.0
265,2025-01-12 01:00:00,1,8.7482,3.5317,0.0
266,2025-01-12 02:00:00,2,8.7381,3.5699,0.0
267,2025-01-12 03:00:00,3,8.8303,3.639,0.0
268,2025-01-12 04:00:00,4,8.7829,3.3628,0.0
269,2025-01-12 05:00:00,5,8.979,3.5878,0.0
270,2025-01-12 06:00:00,6,9.4461,3.6326,0.0
271,2025-01-12 07:00:00,7,10.0182,3.5265,0.0
272,2025-01-12 08:00:00,8,10.2532,3.3084,0.0
273,2025-01-12 09:00:00,9,10.5308,3.5022,0.4442
274,2025-01-12 10:00:00,10,10.2064,3.3096,1.2867
275,2025-01-12 11:00:00,11,10.1273,3.2496,2.2085
276,2025-01-12 12:00:00,12,9.8754,2.9596,2.9393
277,2025-01-12 13:00:00,13,9.9078,3.1969,2.7529
278,2025-01-12 14:00:00,14,9.9304,2.979,2.1892
279,2025-01-12 15:00:00,15,9.9174,3.4242,1.3627
280,2025-01-12 16:00:00,16,10.4531,3.7196,0.4933
281,2025-01-12 17:00:00,17,11.2467,4.3241,0.0
282,2025-01-12 18:00:00,18,11.5431,4.6462,0.0
283,2025-01-12 19:00:00,19,11.8075,5.1884,0.0
284,2025-01-12 20:00:00,20,11.1935,4.6175,0.0
285,2025-01-12 21:00:00,21,11.0454,4.8483,0.0
286,2025-01-12 22:00:00,22,10.4888,4.3541,0.0
287,2025-01-12 23:00:00,23,10.0365,4.0775,0.0
288,2025-01-13 00:00:00,0,9.0952,3.3953,0.0
289,2025-01-13 01:00:00,1,9.0001,3.6464,0.0
290,2025-01-13 02:00:00,2,8.9646,3.5144,0.0
291,2025-01-13 03:00:00,3,8.9152,3.2044,0.0
292,2025-01-13 04:00:00,4,9.0443,3.5546,0.0
293,2025-01-13 05:00:00,5,9.2624,3.279,0.0
294,2025-01-13 06:00:00,6,9.6269,3.4796,0.0
295,2025-01-13 07:00:00,7,10.1695,3.201,0.0
296,2025-01-13 08:00:00,8,10.8001,3.7529,0.0
297,2025-01-13 09:00:00,9,10.7435,3.5225,0.4449
298,2025-01-13 10:00:00,10,10.6541,3.1257,1.1576
299,2025-01-13 11:00:00,11,10.4455,3.1113,1.8998
300,2025-01-13 12:00:00,12,9.9913,2.9285,2.2868
301,2025-01-13 13:00:00,13,9.7608,2.9609,2.3194
302,2025-01-13 14:00:00,14,10.0574,3.4808,2.0491
303,2025-01-13 15:00:00,15,10.5024,3.601,1.1515
304,2025-01-13 16:00:00,16,10.6959,3.8608,0.4782
305,2025-01-13 17:00:00,17,11.4671,4.5209,0.0
306,2025-01-13 18:00:00,18,11.8724,4.7057,0.0
307,2025-01-13 19:00:00,19,11.9583,4.8462,0.0
308,2025-01-13 20:00:00,20,12.0297,5.1536,0.0
309,2025-01-13 21:00:00,21,11.4184,5.0417,0.0
310,2025-01-13 22:00:00,22,10.8666,4.4516,0.0
311,2025-01-13 23:00:00,23,10.6235,4.1609,0.0
312,2025-01-14 00:00:00,0,8.9503,2.1332,0.0
313,2025-01-14 01:00:00,1,8.6753,2.4037,0.0
314,2025-01-14 02:00:00,2,9.1624,2.8686,0.0
315,2025-01-14 03:00:00,3,9.039,2.1762,0.0
316,2025-01-14 04:00:00,4,9.0563,2.3006,0.0
317,2025-01-14 05:00:00,5,9.1946,2.1441,0.0
318,2025-01-14 06:00:00,6,9.6905,1.9771,0.0
319,2025-01-14 07:00:00,7,9.9693,1.8587,0.0
320,2025-01-14 08:00:00,8,10.5393,1.7153,0.0
321,2025-01-14 09:00:00,9,10.7532,1.6951,1.199
322,2025-01-14 10:00:00,10,10.5219,1.4993,3.3292
323,2025-01-14 11:00:00,11,10.1399,1.4449,5.3866
324,2025-01-14 12:00:00,12,9.8346,1.4014,5.868
325,2025-01-14 13:00:00,13,9.6482,1.3748,6.0626
326,2025-01-14 14:00:00,14,9.7883,1.728,4.8164
327,2025-01-14 15:00:00,15,10.0813,1.4543,3.2179
328,2025-01-14 16:00:00,16,10.6775,1.8578,1.2003
329,2025-01-14 17:00:00,17,11.2114,2.5672,0.0
330,2025-01-14 18:00:00,18,11.5582,2.9041,0.0
331,2025-01-14 19:00:00,19,11.8154,3.8421,0.0
332,2025-01-14 20:00:00,20,11.9092,3.4824,0.0
333,2025-01-14 21:00:00,21,11.2309,3.3271,0.0
334,2025-01-14 22:00:00,22,10.6395,2.9461,0.0
335,2025-01-14 23:00:00,23,10.2229,2.7906,0.0
336,2025-01-15 00:00:00,0,10.0911,4.8284,0.0
337,2025-01-15 01:00:00,1,10.385,4.8234,0.0
338,2025-01-15 02:00:00,2,10.1705,5.0476,0.0
339,2025-01-15 03:00:00,3,10.0889,4.6293,0.0
340,2025-01-15 04:00:00,4,10.3703,4.8163,0.0
341,2025-01-15 05:00:00,5,10.5151,4.8461,0.0
342,2025-01-15 06:00:00,6,10.8409,4.7994,0.0
343,2025-01-15 07:00:00,7,11.4726,4.7773,0.0
344,2025-01-15 08:00:00,8,11.8465,4.952,0.0
345,2025-01-15 09:00:00,9,12.1855,5.3379,0.8992
346,2025-01-15 10:00:00,10,12.0204,4.5157,2.3338
347,2025-01-15 11:00:00,11,11.7025,4.7249,3.6829
348,2025-01-15 12:00:00,12,11.1856,4.4627,4.5909
349,2025-01-15 13:00:00,13,11.0606,4.2759,5.2044
350,2025-01-15 14:00:00,14,11.5337,4.6454,3.8844
351,2025-01-15 15:00:00,15,12.0147,4.8719,2.3371
352,2025-01-15 16:00:00,16,12.4084,5.4817,0.8922
353,2025-01-15 17:00:00,17,13.0251,6.0003,0.0
354,2025-01-15 18:00:00,18,13.5741,6.6246,0.0
355,2025-01-15 19:00:00,19,13.6964,6.9867,0.0
356,2025-01-15 20:00:00,20,13.5013,7.0947,0.0
357,2025-01-15 21:00:00,21,12.6839,6.3544,0.0
358,2025-01-15 22:00:00,22,12.2587,6.0416,0.0
359,2025-01-15 23:00:00,23,11.6189,5.7218,0.0
360,2025-01-16 00:00:00,0,10.5347,4.9835,0.0
361,2025-01-16 01:00:00,1,10.4053,4.9231,0.0
362,2025-01-16 02:00:00,2,10.2657,5.0584,0.0
363,2025-01-16 03:00:00,3,10.631,4.9929,0.0
364,2025-01-16 04:00:00,4,10.5295,5.0442,0.0
365,2025-01-16 05:00:00,5,10.577,4.6311,0.0
366,2025-01-16 06:00:00,6,11.1031,4.8714,0.0
367,2025-01-16 07:00:00,7,11.7875,5.2145,0.0
368,2025-01-16 08:00:00,8,12.07,5.1616,0.0
369,2025-01-16 09:00:00,9,12.5058,5.2686,0.8466
370,2025-01-16 10:00:00,10,12.259,5.0644,2.3773
371,2025-01-16 11:00:00,11,11.9109,4.726,3.8508
372,2025-01-16 12:00:00,12,11.5048,4.6109,4.0002
373,2025-01-16 13:00:00,13,11.445,4.6443,4.4865
374,2025-01-16 14:00:00,14,11.3016,4.7323,3.85
375,2025-01-16 15:00:00,15,11.7393,4.7682,2.3393
376,2025-01-16 16:00:00,16,12.2884,5.2541,0.7707
377,2025-01-16 17:00:00,17,13.2374,6.0689,0.0
378,2025-01-16 18:00:00,18,13.4551,6.777,0.0
379,2025-01-16 19:00:00,19,13.6432,6.9592,0.0
380,2025-01-16 20:00:00,20,13.4878,7.0593,0.0
381,2025-01-16 21:00:00,21,12.9532,6.4466,0.0
382,2025-01-16 22:00:00,22,12.117,5.86,0.0
383,2025-01-16 23:00:00,23,11.7843,5.5971,0.0
384,2025-01-17 00:00:00,0,9.599,3.4614,0.0
385,2025-01-17 01:00:00,1,9.6253,3.5618,0.0
386,2025-01-17 02:00:00,2,9.4468,3.7337,0.0
387,2025-01-17 03:00:00,3,9.6919,3.4807,0.0
388,2025-01-17 04:00:00,4,9.6627,3.5584,0.0
389,2025-01-17 05:00:00,5,10.0696,3.7716,0.0
390,2025-01-17 06:00:00,6,10.2964,3.4749,0.0
391,2025-01-17 07:00:00,7,10.6498,3.5108,0.0
392,2025-01-17 08:00:00,8,11.3378,3.8209,0.0
393,2025-01-17 09:00:00,9,11.3583,3.363,0.3603
394,2025-01-17 10:00:00,10,11.2665,3.4497,0.9637
395,2025-01-17 11:00:00,11,11.313,3.2627,1.3792
396,2025-01-17 12:00:00,12,10.7863,2.893,1.7528
397,2025-01-17 13:00:00,13,10.6947,3.272,1.7427
398,2025-01-17 14:00:00,14,10.6006,3.1922,1.6283
399,2025-01-17 15:00:00,15,10.8508,3.3163,0.9557
400,2025-01-17 16:00:00,16,11.5058,3.7005,0.3322
401,2025-01-17 17:00:00,17,12.3904,4.6854,0.0
402,2025-01-17 18:00:00,18,12.5749,4.9547,0.0
403,2025-01-17 19:00:00,19,12.8037,5.2993,0.0
404,2025-01-17 20:00:00,20,12.7781,5.1558,0.0
405,2025-01-17 21:00:00,21,11.8428,4.772,0.0
406,2025-01-17 22:00:00,22,11.7004,4.2668,0.0
407,2025-01-17 23:00:00,23,11.0548,4.3491,0.0
408,2025-01-18 00:00:00,0,8.4439,3.3959,0.0
409,2025-01-18 01:00:00,1,8.3859,3.2477,0.0
410,2025-01-18 02:00:00,2,8.2572,3.3217,0.0
411,2025-01-18 03:00:00,3,8.4533,3.4098,0.0
412,2025-01-18 04:00:00,4,8.0613,3.1631,0.0
413,2025-01-18 05:00:00,5,8.5052,3.1029,0.0
414,2025-01-18 06:00:00,6,8.8895,3.2227,0.0
415,2025-01-18 07:00:00,7,9.3033,3.3703,0.0
416,2025-01-18 08:00:00,8,9.8822,3.4007,0.0
417,2025-01-18 09:00:00,9,9.8075,2.8649,0.4868
418,2025-01-18 10:00:00,10,9.645,2.8551,1.329
419,2025-01-18 11:00:00,11,9.7919,2.9084,2.0423
420,2025-01-18 12:00:00,12,9.1334,2.7019,2.7214
421,2025-01-18 13:00:00,13,9.0767,2.8873,2.5454
422,2025-01-18 14:00:00,14,9.2501,2.9267,2.0083
423,2025-01-18 15:00:00,15,9.287,3.2368,1.3928
424,2025-01-18 16:00:00,16,10.282,3.906,0.4329
425,2025-01-18 17:00:00,17,10.4999,4.0457,0.0
426,2025-01-18 18:00:00,18,10.9149,4.4358,0.0
427,2025-01-18 19:00:00,19,11.1978,4.9183,0.0
428,2025-01-18 20:00:00,20,10.9328,4.7587,0.0
429,2025-01-18 21:00:00,21,10.4979,4.647,0.0
430,2025-01-18 22:00:00,22,10.0662,4.2279,0.0
431,2025-01-18 23:00:00,23,9.3603,3.7055,0.0
432,2025-01-19 00:00:00,0,8.7112,3.5037,0.0
433,2025-01-19 01:00:00,1,8.3891,3.4004,0.0
434,2025-01-19 02:00:00,2,8.4269,3.4068,0.0
435,2025-01-19 03:00:00,3,8.6971,3.4349,0.0
436,2025-01-19 04:00:00,4,8.2537,3.1837,0.0
437,2025-01-19 05:00:00,5,8.8628,3.4617,0.0
438,2025-01-19 06:00:00,6,9.2008,3.3219,0.0
439,2025-01-19 07:00:00,7,9.7633,3.3331,0.0
440,2025-01-19 08:00:00,8,10.1631,3.6927,0.0
441,2025-01-19 09:00:00,9,10.5387,3.0297,0.3466
442,2025-01-19 10:00:00,10,9.8969,2.8386,0.9316
443,2025-01-19 11:00:00,11,9.7741,3.1466,1.4399
444,2025-01-19 12:00:00,12,9.6635,3.0756,1.8335
445,2025-01-19 13:00:00,13,9.3225,2.8193,1.8406
446,2025-01-19 14:00:00,14,9.0558,2.6737,1.515
447,2025-01-19 15:00:00,15,9.682,3.453,0.8423
448,2025-01-19 16:00:00,16,10.3474,3.6303,0.3421
449,2025-01-19 17:00:00,17,10.8262,3.9827,0.0
450,2025-01-19 18:00:00,18,11.2822,4.3628,0.0
451,2025-01-19 19:00:00,19,11.2936,4.5863,0.0
452,2025-01-19 20:00:00,20,11.1328,4.8055,0.0
453,2025-01-19 21:00:00,21,10.8878,4.6264,0.0
454,2025-01-19 22:00:00,22,10.2441,4.2786,0.0
455,2025-01-19 23:00:00,23,9.759,3.9847,0.0
456,2025-01-20 00:00:00,0,9.8691,3.4024,0.0
457,2025-01-20 01:00:00,1,9.713,3.5498,0.0
458,2025-01-20 02:00:00,2,9.7366,3.4008,0.0
459,2025-01-20 03:00:00,3,9.6915,3.5091,0.0
460,2025-01-20 04:00:00,4,10.0607,3.4474,0.0
461,2025-01-20 05:00:00,5,10.1732,3.5571,0.0
462,2025-01-20 06:00:00,6,10.5246,3.2912,0.0
463,2025-01-20 07:00:00,7,11.1536,3.6107,0.0
464,2025-01-20 08:00:00,8,11.5807,3.6678,0.0
465,2025-01-20 09:00:00,9,11.8771,3.5568,0.3428
466,2025-01-20 10:00:00,10,11.4961,2.7783,0.9173
467,2025-01-20 11:00:00,11,11.1616,2.5529,1.4063
468,2025-01-20 12:00:00,12,10.8249,2.7087,1.9068
469,2025-01-20 13:00:00,13,10.6148,2.967,1.8165
470,2025-01-20 14:00:00,14,10.7858,3.4041,1.5521
471,2025-01-20 15:00:00,15,11.136,3.3186,0.9875
472,2025-01-20 16:00:00,16,11.8786,3.8977,0.3754
473,2025-01-20 17:00:00,17,12.2046,4.1864,0.0
474,2025-01-20 18:00:00,18,12.7423,5.2817,0.0
475,2025-01-20 19:00:00,19,12.9594,4.7432,0.0
476,2025-01-20 20:00:00,20,12.8098,4.9959,0.0
477,2025-01-20 21:00:00,21,12.4871,4.71,0.0
478,2025-01-20 22:00:00,22,11.7227,4.7093,0.0
479,2025-01-20 23:00:00,23,11.1607,4.1842,0.0
480,2025-01-21 00:00:00,0,9.9507,4.2247,0.0
481,2025-01-21 01:00:00,1,10.0151,4.3424,0.0
482,2025-01-21 02:00:00,2,9.8577,4.3343,0.0
483,2025-01-21 03:00:00,3,9.7698,4.1644,0.0
484,2025-01-21 04:00:00,4,9.83,4.2785,0.0
485,2025-01-21 05:00:00,5,10.3442,4.2769,0.0
486,2025-01-21 06:00:00,6,10.7017,4.1882,0.0
487,2025-01-21 07:00:00,7,11.3549,4.5009,0.0
488,2025-01-21 08:00:00,8,11.7682,4.4663,0.0
489,2025-01-21 09:00:00,9,11.665,4.399,0.7358
490,2025-01-21 10:00:00,10,11.5051,4.3278,1.9978
491,2025-01-21 11:00:00,11,11.5672,3.7085,3.0998
492,2025-01-21 12:00:00,12,11.0785,3.637,3.9322
493,2025-01-21 13:00:00,13,10.8241,3.9093,4.0606
494,2025-01-21 14:00:00,14,10.9212,4.222,3.0862
495,2025-01-21 15:00:00,15,11.1461,4.0294,2.0598
496,2025-01-21 16:00:00,16,11.8203,4.3872,0.7637
497,2025-01-21 17:00:00,17,12.5737,5.0375,0.0
498,2025-01-21 18:00:00,18,12.8044,5.5958,0.0
499,2025-01-21 19:00:00,19,13.0184,6.033,0.0
500,2025-01-21 20:00:00,20,12.9655,6.1122,0.0
501,2025-01-21 21:00:00,21,12.7231,5.7136,0.0
502,2025-01-21 22:00:00,22,12.0104,5.3893,0.0
503,2025-01-21 23:00:00,23,11.2712,4.6604,0.0
504,2025-01-22 00:00:00,0,10.1757,3.9439,0.0
505,2025-01-22 01:00:00,1,10.236,3.8641,0.0
506,2025-01-22 02:00:00,2,10.1126,3.7038,0.0
507,2025-01-22 03:00:00,3,10.1176,4.0063,0.0
508,2025-01-22 04:00:00,4,10.2543,3.8175,0.0
509,2025-01-22 05:00:00,5,10.6665,3.9674,0.0
510,2025-01-22 06:00:00,6,10.9187,4.1949,0.0
511,2025-01-22 07:00:00,7,11.4866,3.7808,0.0
512,2025-01-22 08:00:00,8,12.158,3.9741,0.0
513,2025-01-22 09:00:00,9,11.7975,3.6562,0.478
514,2025-01-22 10:00:00,10,12.0369,3.5419,1.2758
515,2025-01-22 11:00:00,11,11.3839,3.6118,2.1886
516,2025-01-22 12:00:00,12,11.3332,3.303,2.5715
517,2025-01-22 13:00:00,13,11.1845,3.3486,2.4587
518,2025-01-22 14:00:00,14,11.3569,3.6405,2.2061
519,2025-01-22 15:00:00,15,11.5572,3.7337,1.3739
520,2025-01-22 16:00:00,16,12.4491,4.1955,0.4851
521,2025-01-22 17:00:00,17,12.6537,5.0851,0.0
522,2025-01-22 18:00:00,18,13.3433,5.4975,0.0
523,2025-01-22 19:00:00,19,13.3294,5.6403,0.0
524,2025-01-22 20:00:00,20,13.3963,5.6931,0.0
525,2025-01-22 21:00:00,21,12.842,5.2727,0.0
526,2025-01-22 22:00:00,22,12.2622,4.9077,0.0
527,2025-01-22 23:00:00,23,11.5891,4.266,0.0
528,2025-01-23 00:00:00,0,10.1941,3.833,0.0
529,2025-01-23 01:00:00,1,9.9213,4.0272,0.0
530,2025-01-23 02:00:00,2,10.0776,4.0015,0.0
531,2025-01-23 03:00:00,3,10.1031,4.07,0.0
532,2025-01-23 04:00:00,4,9.8919,3.9109,0.0
533,2025-01-23 05:00:00,5,10.2575,3.8754,0.0
534,2025-01-23 06:00:00,6,10.4542,3.9317,0.0
535,2025-01-23 07:00:00,7,10.9175,3.6136,0.0
536,2025-01-23 08:00:00,8,11.6,4.0096,0.0
537,2025-01-23 09:00:00,9,11.9128,3.7563,0.3603
538,2025-01-23 10:00:00,10,11.9144,3.9586,0.9747
539,2025-01-23 11:00:00,11,11.4308,3.5168,1.4934
540,2025-01-23 12:00:00,12,11.0727,3.4642,1.7924
541,2025-01-23 13:00:00,13,11.0943,3.3448,1.8341
542,2025-01-23 14:00:00,14,11.1916,3.4922,1.5959
543,2025-01-23 15:00:00,15,11.4308,3.7617,0.901
544,2025-01-23 16:00:00,16,12.262,4.5687,0.3268
545,2025-01-23 17:00:00,17,12.8053,5.2001,0.0
546,2025-01-23 18:00:00,18,12.8109,5.2609,0.0
547,2025-01-23 19:00:00,19,13.2745,5.5904,0.0
548,2025-01-23 20:00:00,20,13.1125,5.5471,0.0
549,2025-01-23 21:00:00,21,12.7741,5.3859,0.0
550,2025-01-23 22:00:00,22,11.8236,4.9832,0.0
551,2025-01-23 23:00:00,23,11.402,4.8014,0.0
552,2025-01-24 00:00:00,0,8.9585,3.0416,0.0
553,2025-01-24 01:00:00,1,9.1192,3.4093,0.0
554,2025-01-24 02:00:00,2,8.743,3.1081,0.0
555,2025-01-24 03:00:00,3,9.1443,3.4514,0.0
556,2025-01-24 04:00:00,4,8.8198,3.0206,0.0
557,2025-01-24 05:00:00,5,9.2301,3.1425,0.0
558,2025-01-24 06:00:00,6,9.399,3.1167,0.0
559,2025-01-24 07:00:00,7,10.0309,2.8442,0.0
560,2025-01-24 08:00:00,8,10.4579,3.3732,0.0
561,2025-01-24 09:00:00,9,10.7781,3.1763,0.3889
562,2025-01-24 10:00:00,10,10.6082,3.0056,1.1023
563,2025-01-24 11:00:00,11,10.1816,2.5066,1.8174
564,2025-01-24 12:00:00,12,9.7704,2.6485,2.2885
565,2025-01-24 13:00:00,13,9.9019,2.5224,2.4032
566,2025-01-24 14:00:00,14,9.7278,2.5815,1.9242
567,2025-01-24 15:00:00,15,10.2935,2.9813,1.1795
568,2025-01-24 16:00:00,16,10.6741,3.569,0.4109
569,2025-01-24 17:00:00,17,11.4672,3.8524,0.0
570,2025-01-24 18:00:00,18,11.6333,4.2499,0.0
571,2025-01-24 19:00:00,19,11.5809,4.3219,0.0
572,2025-01-24 20:00:00,20,11.6946,4.444,0.0
573,2025-01-24 21:00:00,21,11.0651,4.2069,0.0
574,2025-01-24 22:00:00,22,10.6613,4.17,0.0
575,2025-01-24 23:00:00,23,10.6188,3.9584,0.0
576,2025-01-25 00:00:00,0,7.9284,2.7945,0.0
577,2025-01-25 01:00:00,1,7.6755,2.904,0.0
578,2025-01-25 02:00:00,2,7.838,2.8563,0.0
579,2025-01-25 03:00:00,3,7.8867,3.0262,0.0
580,2025-01-25 04:00:00,4,7.7836,2.8408,0.0
581,2025-01-25 05:00:00,5,8.1301,2.5843,0.0
582,2025-01-25 06:00:00,6,8.1497,2.8213,0.0
583,2025-01-25 07:00:00,7,8.656,2.7036,0.0
584,2025-01-25 08:00:00,8,9.0877,3.0235,0.0002
585,2025-01-25 09:00:00,9,9.2959,2.8927,0.3216
586,2025-01-25 10:00:00,10,8.8186,2.5911,0.9657
587,2025-01-25 11:00:00,11,9.079,2.7079,1.6169
588,2025-01-25 12:00:00,12,8.8324,2.2265,1.9284
589,2025-01-25 13:00:00,13,8.496,2.3768,1.8808
590,2025-01-25 14:00:00,14,8.6858,2.4039,1.4656
591,2025-01-25 15:00:00,15,8.9681,2.7231,1.0347
592,2025-01-25 16:00:00,16,9.1255,2.933,0.3674
593,2025-01-25 17:00:00,17,9.5578,3.5188,0.0002
594,2025-01-25 18:00:00,18,10.4846,4.1062,0.0
595,2025-01-25 19:00:00,19,10.5576,4.404,0.0
596,2025-01-25 20:00:00,20,10.2959,4.2251,0.0
597,2025-01-25 21:00:00,21,9.894,4.0738,0.0
598,2025-01-25 22:00:00,22,9.1404,3.4372,0.0
599,2025-01-25 23:00:00,23,8.7517,3.4249,0.0
600,2025-01-26 00:00:00,0,7.6279,3.1563,0.0
601,2025-01-26 01:00:00,1,7.3922,2.966,0.0
602,2025-01-26 02:00:00,2,7.5962,3.2814,0.0
603,2025-01-26 03:00:00,3,7.3873,3.1913,0.0
604,2025-01-26 04:00:00,4,7.6559,3.1817,0.0
605,2025-01-26 05:00:00,5,7.7218,3.0718,0.0
606,2025-01-26 06:00:00,6,8.1922,3.1762,0.0
607,2025-01-26 07:00:00,7,8.6936,3.3602,0.0
608,2025-01-26 08:00:00,8,8.8734,3.1778,0.0002
609,2025-01-26 09:00:00,9,9.0756,3.2134,0.3788
610,2025-01-26 10:00:00,10,8.7491,3.0989,1.0062
611,2025-01-26 11:00:00,11,8.6507,2.9834,1.6226
612,2025-01-26 12:00:00,12,8.1928,2.9344,1.9643
613,2025-01-26 13:00:00,13,8.5766,2.9482,2.0786
614,2025-01-26 14:00:00,14,8.4073,2.9296,1.5884
615,2025-01-26 15:00:00,15,8.7253,3.158,1.0137
616,2025-01-26 16:00:00,16,9.2236,3.5825,0.3735
617,2025-01-26 17:00:00,17,9.6234,3.936,0.0002
618,2025-01-26 18:00:00,18,9.9745,4.3288,0.0
619,2025-01-26 19:00:00,19,10.0633,4.5335,0.0
620,2025-01-26 20:00:00,20,9.9763,4.5358,0.0
621,2025-01-26 21:00:00,21,9.6422,4.5031,0.0
622,2025-01-26 22:00:00,22,8.9473,4.0809,0.0
623,2025-01-26 23:00:00,23,8.8503,3.6622,0.0
624,2025-01-27 00:00:00,0,7.9942,2.8453,0.0
625,2025-01-27 01:00:00,1,7.8386,2.9874,0.0
626,2025-01-27 02:00:00,2,7.9525,2.9796,0.0
627,2025-01-27 03:00:00,3,7.897,2.7549,0.0
628,2025-01-27 04:00:00,4,7.7484,2.8958,0.0
629,2025-01-27 05:00:00,5,8.4291,2.9113,0.0
630,2025-01-27 06:00:00,6,8.4619,2.9407,0.0
631,2025-01-27 07:00:00,7,8.7711,2.8543,0.0
632,2025-01-27 08:00:00,8,9.2621,2.8143,0.0005
633,2025-01-27 09:00:00,9,9.4738,2.9694,0.661
634,2025-01-27 10:00:00,10,9.2076,2.697,1.8458
635,2025-01-27 11:00:00,11,8.9297,2.347,2.84
636,2025-01-27 12:00:00,12,8.9295,2.4637,3.8227
637,2025-01-27 13:00:00,13,8.5751,2.2604,3.4894
638,2025-01-27 14:00:00,14,8.6849,2.2671,2.9697
639,2025-01-27 15:00:00,15,9.1051,2.9315,1.7833
640,2025-01-27 16:00:00,16,9.8454,3.1553,0.6333
641,2025-01-27 17:00:00,17,10.4404,3.684,0.0004
642,2025-01-27 18:00:00,18,10.4851,3.9524,0.0
643,2025-01-27 19:00:00,19,10.5629,4.4464,0.0
644,2025-01-27 20:00:00,20,10.3997,4.2085,0.0
645,2025-01-27 21:00:00,21,9.6575,4.1472,0.0
646,2025-01-27 22:00:00,22,9.3934,3.6707,0.0
647,2025-01-27 23:00:00,23,9.1881,3.7334,0.0
648,2025-01-28 00:00:00,0,8.6948,3.6546,0.0
649,2025-01-28 01:00:00,1,8.9782,4.0261,0.0
650,2025-01-28 02:00:00,2,8.8237,3.6579,0.0
651,2025-01-28 03:00:00,3,9.0472,3.7279,0.0
652,2025-01-28 04:00:00,4,8.7359,3.633,0.0
653,2025-01-28 05:00:00,5,9.2283,3.471,0.0
654,2025-01-28 06:00:00,6,9.5171,3.8356,0.0
655,2025-01-28 07:00:00,7,10.0684,3.8005,0.0
656,2025-01-28 08:00:00,8,10.317,3.3673,0.0003
657,2025-01-28 09:00:00,9,10.6053,3.7122,0.5479
658,2025-01-28 10:00:00,10,10.5387,3.1897,1.4387
659,2025-01-28 11:00:00,11,10.1244,3.475,2.3515
660,2025-01-28 12:00:00,12,9.7774,3.1024,3.031
661,2025-01-28 13:00:00,13,9.5715,3.1174,3.1422
662,2025-01-28 14:00:00,14,9.9581,3.5225,2.2472
663,2025-01-28 15:00:00,15,10.1975,3.8369,1.5766
664,2025-01-28 16:00:00,16,10.7688,4.2107,0.5753
665,2025-01-28 17:00:00,17,11.1878,4.3732,0.0004
666,2025-01-28 18:00:00,18,11.6386,5.2716,0.0
667,2025-01-28 19:00:00,19,11.772,5.0033,0.0
668,2025-01-28 20:00:00,20,11.6531,5.3306,0.0
669,2025-01-28 21:00:00,21,10.961,4.7487,0.0
670,2025-01-28 22:00:00,22,10.4903,4.704,0.0
671,2025-01-28 23:00:00,23,10.081,4.2527,0.0
672,2025-01-29 00:00:00,0,8.6913,3.8736,0.0
673,2025-01-29 01:00:00,1,8.7372,4.0306,0.0
674,2025-01-29 02:00:00,2,8.45,3.8815,0.0
675,2025-01-29 03:00:00,3,8.8091,3.8722,0.0
676,2025-01-29 04:00:00,4,8.5332,3.9579,0.0
677,2025-01-29 05:00:00,5,8.8202,3.8667,0.0
678,2025-01-29 06:00:00,6,9.2251,3.8634,0.0
679,2025-01-29 07:00:00,7,9.8225,4.0769,0.0
680,2025-01-29 08:00:00,8,10.0962,4.0538,0.0003
681,2025-01-29 09:00:00,9,10.344,3.7171,0.4147
682,2025-01-29 10:00:00,10,10.4485,4.0895,1.2245
683,2025-01-29 11:00:00,11,9.9107,3.9299,1.8093
684,2025-01-29 12:00:00,12,9.5458,3.5179,2.1078
685,2025-01-29 13:00:00,13,9.4675,3.4072,2.0594
686,2025-01-29 14:00:00,14,9.6582,3.7635,2.0813
687,2025-01-29 15:00:00,15,9.9345,4.2287,1.0651
688,2025-01-29 16:00:00,16,10.3724,4.3995,0.3884
689,2025-01-29 17:00:00,17,11.1817,4.9896,0.0003
690,2025-01-29 18:00:00,18,11.0921,5.3599,0.0
691,2025-01-29 19:00:00,19,11.6364,5.5905,0.0
692,2025-01-29 20:00:00,20,11.5027,5.6834,0.0
693,2025-01-29 21:00:00,21,10.8766,5.1275,0.0
694,2025-01-29 22:00:00,22,10.4154,4.722,0.0
695,2025-01-29 23:00:00,23,10.0389,4.6322,0.0
696,2025-01-30 00:00:00,0,9.6913,3.487,0.0
697,2025-01-30 01:00:00,1,9.5683,3.5745,0.0
698,2025-01-30 02:00:00,2,9.5265,3.137,0.0
699,2025-01-30 03:00:00,3,9.448,3.4367,0.0
700,2025-01-30 04:00:00,4,9.6733,3.4366,0.0
701,2025-01-30 05:00:00,5,10.1085,3.33,0.0
702,2025-01-30 06:00:00,6,10.2906,3.0853,0.0
703,2025-01-30 07:00:00,7,10.8854,3.5472,0.0
704,2025-01-30 08:00:00,8,11.1421,3.4641,0.0002
705,2025-01-30 09:00:00,9,11.3463,3.1862,0.3543
706,2025-01-30 10:00:00,10,11.4559,3.0537,0.9612
707,2025-01-30 11:00:00,11,10.9236,2.8286,1.5982
708,2025-01-30 12:00:00,12,10.5274,2.8229,1.8771
709,2025-01-30 13:00:00,13,10.5342,2.8962,1.8981
710,2025-01-30 14:00:00,14,10.6438,2.8528,1.5763
711,2025-01-30 15:00:00,15,10.797,3.1198,0.9587
712,2025-01-30 16:00:00,16,11.3973,3.4444,0.3285
713,2025-01-30 17:00:00,17,11.8351,4.2983,0.0002
714,2025-01-30 18:00:00,18,12.4145,4.449,0.0
715,2025-01-30 19:00:00,19,12.5558,4.9988,0.0
716,2025-01-30 20:00:00,20,12.5468,4.7055,0.0
717,2025-01-30 21:00:00,21,11.9082,4.4553,0.0
718,2025-01-30 22:00:00,22,11.2134,4.2263,0.0
719,2025-01-30 23:00:00,23,10.9187,4.0387,0.0
